项目,主叫号码,号码关系,命中产品,对应房屋套数,对应房号
东莞金域松湖,13751229351,业主,浴改淋,3,"东莞金域松湖21栋1808,东莞金域松湖16栋1206,东莞金域松湖21栋1804"
东莞金域松湖,13026846151,业主,"渗漏,浴改淋",2,"东莞金域松湖17栋1805,东莞金域松湖17栋1803"
东莞金域松湖,13168911793,业主,浴改淋,2,"东莞金域松湖4栋503,东莞金域松湖4栋507"
东莞金域松湖,13268599906,业主,渗漏,2,"东莞金域松湖20栋1504,东莞金域松湖20栋1508"
东莞金域松湖,13547533220,业主,浴改淋,2,"东莞金域松湖18栋1105,东莞金域松湖18栋1103"
东莞金域松湖,13556766116,业主,渗漏,2,"东莞金域松湖4栋1603,东莞金域松湖15栋2101"
东莞金域松湖,13580850880,业主,"浴改淋,渗漏,浴改淋",2,"东莞金域松湖18栋1803,东莞金域松湖18栋1001"
东莞金域松湖,13712437899,业主,渗漏,2,"东莞金域松湖21栋2102,东莞金域松湖9栋1806"
东莞金域松湖,13714571158,业主,渗漏,2,"东莞金域松湖22栋1504,东莞金域松湖22栋1508"
东莞金域松湖,13922535129,业主,"浴改淋,渗漏,浴改淋",2,"东莞金域松湖21栋1707,东莞金域松湖21栋1703"
东莞金域松湖,13923899805,业主,渗漏,2,"东莞金域松湖20栋2408,东莞金域松湖20栋2404"
东莞金域松湖,13006662534,业主,渗漏,1,东莞金域松湖15栋201
东莞金域松湖,13006850909,业主,渗漏,1,东莞金域松湖16栋301
东莞金域松湖,13028831189,业主,"渗漏,浴改淋",1,东莞金域松湖12栋1104
东莞金域松湖,13037575360,业主,渗漏,1,东莞金域松湖12栋1403
东莞金域松湖,13059403610,业主,渗漏,1,东莞金域松湖10栋204
东莞金域松湖,13071330011,业主,浴改淋,1,东莞金域松湖18栋1206
东莞金域松湖,13113025851,业主,渗漏,1,东莞金域松湖20栋801
东莞金域松湖,13113096679,业主,浴改淋,1,东莞金域松湖13栋2402
东莞金域松湖,13128010242,业主,浴改淋,1,东莞金域松湖23栋113
东莞金域松湖,13148594661,业主,渗漏,1,东莞金域松湖29栋1404
东莞金域松湖,13149917118,业主,"渗漏,浴改淋",1,东莞金域松湖14栋2502
东莞金域松湖,13168715235,业主,渗漏,1,东莞金域松湖16栋703
东莞金域松湖,13215390777,业主,浴改淋,1,东莞金域松湖7栋1706
东莞金域松湖,13240567311,业主,渗漏,1,东莞金域松湖22栋1701
东莞金域松湖,13243716640,业主,渗漏,1,东莞金域松湖18栋2101
东莞金域松湖,13244996067,业主,"渗漏,浴改淋",1,东莞金域松湖14栋203
东莞金域松湖,13245348058,业主,渗漏,1,东莞金域松湖5栋806
东莞金域松湖,13246930922,业主,渗漏,1,东莞金域松湖17栋1802
东莞金域松湖,13265204399,业主,渗漏,1,东莞金域松湖20栋1201
东莞金域松湖,13266113944,业主,渗漏,1,东莞金域松湖15栋703
东莞金域松湖,13276968596,业主,渗漏,1,东莞金域松湖21栋2201
东莞金域松湖,13316675666,业主,"渗漏,浴改淋",1,东莞金域松湖5栋1304
东莞金域松湖,13316676706,业主,渗漏,1,东莞金域松湖14栋1904
东莞金域松湖,13316696866,业主,渗漏,1,东莞金域松湖13栋304
东莞金域松湖,13316699172,业主,"渗漏,浴改淋",1,东莞金域松湖15栋204
东莞金域松湖,13318441172,业主,渗漏,1,东莞金域松湖8栋103
东莞金域松湖,13332628857,业主,渗漏,1,东莞金域松湖29栋1505
东莞金域松湖,13377785359,业主,渗漏,1,东莞金域松湖21栋1108
东莞金域松湖,13392719238,业主,渗漏,1,东莞金域松湖7栋804
东莞金域松湖,13392722089,业主,渗漏,1,东莞金域松湖10栋2306
东莞金域松湖,13412106460,业主,渗漏,1,东莞金域松湖29栋604
东莞金域松湖,13412276171,业主,渗漏,1,东莞金域松湖17栋201
东莞金域松湖,13412865268,业主,渗漏,1,东莞金域松湖6栋2203
东莞金域松湖,13416937258,业主,浴改淋,1,东莞金域松湖20栋508
东莞金域松湖,13418306693,业主,渗漏,1,东莞金域松湖17栋2103
东莞金域松湖,13422022219,业主,渗漏,1,东莞金域松湖21栋703
东莞金域松湖,13422991119,业主,渗漏,1,东莞金域松湖33栋1901
东莞金域松湖,13423131631,业主,"渗漏,浴改淋",1,东莞金域松湖11栋702
东莞金域松湖,13423175306,业主,渗漏,1,东莞金域松湖8栋203
东莞金域松湖,13423185363,业主,浴改淋,1,东莞金域松湖1栋602
东莞金域松湖,13424315310,业主,浴改淋,1,东莞金域松湖10栋305
东莞金域松湖,13424767656,业主,渗漏,1,东莞金域松湖2栋702
东莞金域松湖,13424799039,家属,渗漏,1,东莞金域松湖20栋2003
东莞金域松湖,13424889292,业主,浴改淋,1,东莞金域松湖13栋1504
东莞金域松湖,13427812662,业主,渗漏,1,东莞金域松湖12栋206
东莞金域松湖,13430893560,业主,渗漏,1,东莞金域松湖4栋1906
东莞金域松湖,13431165635,业主,渗漏,1,东莞金域松湖19栋1502
东莞金域松湖,13431386407,业主,渗漏,1,东莞金域松湖9栋304
东莞金域松湖,13431510047,业主,渗漏,1,东莞金域松湖18栋2506
东莞金域松湖,13433060009,业主,渗漏,1,东莞金域松湖29栋1706
东莞金域松湖,13433681108,业主,渗漏,1,东莞金域松湖21栋2401
东莞金域松湖,13437445922,业主,渗漏,1,东莞金域松湖2栋1805
东莞金域松湖,13450623678,业主,渗漏,1,东莞金域松湖3栋1802
东莞金域松湖,13480096618,业主,渗漏,1,东莞金域松湖9栋2004
东莞金域松湖,13480432456,业主,渗漏,1,东莞金域松湖13栋1005
东莞金域松湖,13480611581,业主,浴改淋,1,东莞金域松湖14栋2002
东莞金域松湖,13480689749,业主,渗漏,1,东莞金域松湖9栋2203
东莞金域松湖,13480831321,业主,渗漏,1,东莞金域松湖4栋1701
东莞金域松湖,13502818952,业主,渗漏,1,东莞金域松湖10栋1105
东莞金域松湖,13509016269,业主,浴改淋,1,东莞金域松湖7栋203
东莞金域松湖,13510114041,业主,渗漏,1,东莞金域松湖11栋1103
东莞金域松湖,13510249845,业主,渗漏,1,东莞金域松湖34栋1505
东莞金域松湖,13510535056,业主,渗漏,1,东莞金域松湖11栋1406
东莞金域松湖,13510802768,业主,"渗漏,浴改淋",1,东莞金域松湖14栋1802
东莞金域松湖,13510914737,业主,渗漏,1,东莞金域松湖16栋1201
东莞金域松湖,13527210161,业主,渗漏,1,东莞金域松湖29栋505
东莞金域松湖,13527925659,业主,"渗漏,浴改淋",1,东莞金域松湖14栋2303
东莞金域松湖,13528589051,业主,渗漏,1,东莞金域松湖14栋705
东莞金域松湖,13528683672,业主,渗漏,1,东莞金域松湖13栋1506
东莞金域松湖,13528895983,业主,渗漏,1,东莞金域松湖4栋204
东莞金域松湖,13532327275,业主,渗漏,1,东莞金域松湖11栋2402
东莞金域松湖,13532350886,业主,渗漏,1,东莞金域松湖4栋1306
东莞金域松湖,13532371381,业主,渗漏,1,东莞金域松湖6栋2101
东莞金域松湖,13532383821,业主,渗漏,1,东莞金域松湖22栋708
东莞金域松湖,13532428132,业主,渗漏,1,东莞金域松湖15栋202
东莞金域松湖,13532673488,业主,渗漏,1,东莞金域松湖4栋2502
东莞金域松湖,13532948829,业主,渗漏,1,东莞金域松湖29栋1803
东莞金域松湖,13537088894,业主,渗漏,1,东莞金域松湖14栋2403
东莞金域松湖,13537390368,业主,浴改淋,1,东莞金域松湖17栋2404
东莞金域松湖,13538252804,业主,渗漏,1,东莞金域松湖34栋904
东莞金域松湖,13538519982,业主,渗漏,1,东莞金域松湖19栋702
东莞金域松湖,13538665843,业主,渗漏,1,东莞金域松湖8栋1001
东莞金域松湖,13538762846,业主,渗漏,1,东莞金域松湖29栋1001
东莞金域松湖,13544072302,业主,渗漏,1,东莞金域松湖29栋1206
东莞金域松湖,13544841930,业主,浴改淋,1,东莞金域松湖9栋506
东莞金域松湖,13545073907,业主,渗漏,1,东莞金域松湖13栋2206
东莞金域松湖,13546929213,业主,渗漏,1,东莞金域松湖13栋1105
东莞金域松湖,13549232688,业主,渗漏,1,东莞金域松湖9栋204
东莞金域松湖,13553813429,业主,渗漏,1,东莞金域松湖11栋1003
东莞金域松湖,13553896688,业主,渗漏,1,东莞金域松湖10栋2502
东莞金域松湖,13554659751,业主,渗漏,1,东莞金域松湖17栋301
东莞金域松湖,13554708290,业主,渗漏,1,东莞金域松湖7栋1804
东莞金域松湖,13556772394,业主,浴改淋,1,东莞金域松湖22栋1108
东莞金域松湖,13556788630,业主,渗漏,1,东莞金域松湖22栋2403
东莞金域松湖,13560323047,业主,渗漏,1,东莞金域松湖20栋1601
东莞金域松湖,13570840589,业主,渗漏,1,东莞金域松湖8栋1802
东莞金域松湖,13580308150,业主,浴改淋,1,东莞金域松湖21栋1801
东莞金域松湖,13580832808,业主,渗漏,1,东莞金域松湖18栋302
东莞金域松湖,13580850586,业主,"渗漏,浴改淋",1,东莞金域松湖29栋301
东莞金域松湖,13580922645,业主,渗漏,1,东莞金域松湖12栋505
东莞金域松湖,13580926869,业主,渗漏,1,东莞金域松湖9栋2205
东莞金域松湖,13580981116,业主,渗漏,1,东莞金域松湖15栋601
东莞金域松湖,13580987272,业主,浴改淋,1,东莞金域松湖19栋2302
东莞金域松湖,13590407373,业主,渗漏,1,东莞金域松湖6栋601
东莞金域松湖,13592729862,业主,渗漏,1,东莞金域松湖21栋2103
东莞金域松湖,13600266539,业主,渗漏,1,东莞金域松湖13栋1603
东莞金域松湖,13600285756,业主,渗漏,1,东莞金域松湖5栋1508
东莞金域松湖,13600288733,业主,渗漏,1,东莞金域松湖13栋501
东莞金域松湖,13600291353,业主,渗漏,1,东莞金域松湖18栋2202
东莞金域松湖,13602324586,业主,渗漏,1,东莞金域松湖20栋2002
东莞金域松湖,13602326770,业主,渗漏,1,东莞金域松湖34栋1302
东莞金域松湖,13602363060,业主,渗漏,1,东莞金域松湖12栋805
东莞金域松湖,13602385530,业主,渗漏,1,东莞金域松湖17栋502
东莞金域松湖,13602392353,业主,渗漏,1,东莞金域松湖21栋1508
东莞金域松湖,13602577086,业主,渗漏,1,东莞金域松湖20栋602
东莞金域松湖,13602623730,业主,渗漏,1,东莞金域松湖19栋2308
东莞金域松湖,13603032134,业主,渗漏,1,东莞金域松湖10栋303
东莞金域松湖,13609625795,业主,渗漏,1,东莞金域松湖12栋601
东莞金域松湖,13609627203,业主,渗漏,1,东莞金域松湖22栋2408
东莞金域松湖,13609699032,业主,渗漏,1,东莞金域松湖11栋1204
东莞金域松湖,13612670191,业主,浴改淋,1,东莞金域松湖37栋137
东莞金域松湖,13612700266,业主,渗漏,1,东莞金域松湖5栋901
东莞金域松湖,13612704995,业主,渗漏,1,东莞金域松湖29栋1603
东莞金域松湖,13620000283,业主,渗漏,1,东莞金域松湖21栋2101
东莞金域松湖,13620070280,业主,"渗漏,浴改淋",1,东莞金域松湖20栋701
东莞金域松湖,13620073708,业主,渗漏,1,东莞金域松湖14栋1901
东莞金域松湖,13620901309,业主,渗漏,1,东莞金域松湖19栋2502
东莞金域松湖,13631494682,业主,渗漏,1,东莞金域松湖9栋404
东莞金域松湖,13631604042,业主,渗漏,1,东莞金域松湖9栋2206
东莞金域松湖,13631604043,业主,渗漏,1,东莞金域松湖9栋1705
东莞金域松湖,13631622060,业主,渗漏,1,东莞金域松湖15栋1005
东莞金域松湖,13631674748,业主,渗漏,1,东莞金域松湖7栋2006
东莞金域松湖,13631701523,业主,浴改淋,1,东莞金域松湖29栋2406
东莞金域松湖,13631705403,业主,渗漏,1,东莞金域松湖5栋803
东莞金域松湖,13631781401,业主,渗漏,1,东莞金域松湖6栋504
东莞金域松湖,13632666821,业主,渗漏,1,东莞金域松湖14栋1205
东莞金域松湖,13632706688,业主,渗漏,1,东莞金域松湖13栋602
东莞金域松湖,13632812906,业主,"渗漏,浴改淋",1,东莞金域松湖12栋1004
东莞金域松湖,13641472801,业主,渗漏,1,东莞金域松湖5栋2306
东莞金域松湖,13642959455,业主,浴改淋,1,东莞金域松湖13栋704
东莞金域松湖,13642999990,业主,渗漏,1,东莞金域松湖29栋2501
东莞金域松湖,13649815080,业主,渗漏,1,东莞金域松湖6栋1004
东莞金域松湖,13649818969,业主,渗漏,1,东莞金域松湖17栋2006
东莞金域松湖,13649826136,业主,渗漏,1,东莞金域松湖18栋1601
东莞金域松湖,13649888289,业主,渗漏,1,东莞金域松湖7栋1503
东莞金域松湖,13650010702,业主,浴改淋,1,东莞金域松湖29栋506
东莞金域松湖,13650047616,业主,渗漏,1,东莞金域松湖5栋406
东莞金域松湖,13650073099,业主,浴改淋,1,东莞金域松湖11栋402
东莞金域松湖,13650106641,业主,渗漏,1,东莞金域松湖12栋2204
东莞金域松湖,13650275218,业主,渗漏,1,东莞金域松湖7栋2301
东莞金域松湖,13650302343,业主,渗漏,1,东莞金域松湖15栋1105
东莞金域松湖,13650328569,业主,渗漏,1,东莞金域松湖15栋502
东莞金域松湖,13650379893,业主,渗漏,1,东莞金域松湖13栋1402
东莞金域松湖,13652467406,业主,渗漏,1,东莞金域松湖12栋2302
东莞金域松湖,13652468105,业主,渗漏,1,东莞金域松湖20栋708
东莞金域松湖,13652572765,业主,渗漏,1,东莞金域松湖6栋1403
东莞金域松湖,13652606410,业主,"渗漏,浴改淋",1,东莞金域松湖8栋306
东莞金域松湖,13660125411,业主,渗漏,1,东莞金域松湖34栋1204
东莞金域松湖,13662770851,业主,渗漏,1,东莞金域松湖20栋1303
东莞金域松湖,13662792831,家属,渗漏,1,东莞金域松湖16栋1705
东莞金域松湖,13662801507,业主,渗漏,1,东莞金域松湖21栋702
东莞金域松湖,13662811111,业主,渗漏,1,东莞金域松湖20栋1701
东莞金域松湖,13662929308,业主,渗漏,1,东莞金域松湖11栋804
东莞金域松湖,13662941803,业主,渗漏,1,东莞金域松湖19栋801
东莞金域松湖,13662942933,业主,渗漏,1,东莞金域松湖21栋1308
东莞金域松湖,13669804395,业主,浴改淋,1,东莞金域松湖14栋1804
东莞金域松湖,13670225939,业主,渗漏,1,东莞金域松湖13栋1104
东莞金域松湖,13670277927,业主,浴改淋,1,东莞金域松湖11栋503
东莞金域松湖,13676886208,家属,渗漏,1,东莞金域松湖11栋2506
东莞金域松湖,13686045309,业主,渗漏,1,东莞金域松湖22栋402
东莞金域松湖,13686495558,业主,渗漏,1,东莞金域松湖4栋1105
东莞金域松湖,13686650088,业主,渗漏,1,东莞金域松湖19栋1402
东莞金域松湖,13686694641,业主,浴改淋,1,东莞金域松湖9栋206
东莞金域松湖,13688323690,业主,浴改淋,1,东莞金域松湖34栋1606
东莞金域松湖,13688966285,业主,浴改淋,1,东莞金域松湖7栋2304
东莞金域松湖,13689512933,业主,渗漏,1,东莞金域松湖10栋1505
东莞金域松湖,13694913336,业主,渗漏,1,东莞金域松湖29栋2103
东莞金域松湖,13711800680,业主,渗漏,1,东莞金域松湖5栋502
东莞金域松湖,13711813808,业主,渗漏,1,东莞金域松湖16栋603
东莞金域松湖,13711944990,业主,渗漏,1,东莞金域松湖22栋801
东莞金域松湖,13712033702,业主,渗漏,1,东莞金域松湖5栋1701
东莞金域松湖,13712076779,业主,渗漏,1,东莞金域松湖7栋1005
东莞金域松湖,13712092160,业主,渗漏,1,东莞金域松湖20栋608
东莞金域松湖,13712092656,业主,浴改淋,1,东莞金域松湖8栋2102
东莞金域松湖,13712108811,业主,渗漏,1,东莞金域松湖9栋703
东莞金域松湖,13712165916,业主,渗漏,1,东莞金域松湖5栋1605
东莞金域松湖,13712220989,业主,渗漏,1,东莞金域松湖7栋1505
东莞金域松湖,13712261261,业主,渗漏,1,东莞金域松湖11栋204
东莞金域松湖,13712547210,业主,渗漏,1,东莞金域松湖21栋701
东莞金域松湖,13712579688,业主,渗漏,1,东莞金域松湖15栋702
东莞金域松湖,13712586883,业主,渗漏,1,东莞金域松湖29栋1504
东莞金域松湖,13712599820,业主,渗漏,1,东莞金域松湖18栋1306
东莞金域松湖,13712713184,业主,渗漏,1,东莞金域松湖14栋2101
东莞金域松湖,13712850019,业主,渗漏,1,东莞金域松湖15栋1904
东莞金域松湖,13712865164,业主,渗漏,1,东莞金域松湖22栋1302
东莞金域松湖,13712929062,业主,浴改淋,1,东莞金域松湖10栋1002
东莞金域松湖,13712938214,业主,渗漏,1,东莞金域松湖15栋302
东莞金域松湖,13712941678,业主,渗漏,1,东莞金域松湖8栋1705
东莞金域松湖,13713147377,业主,渗漏,1,东莞金域松湖8栋703
东莞金域松湖,13713366119,业主,浴改淋,1,东莞金域松湖4栋1902
东莞金域松湖,13713783756,业主,渗漏,1,东莞金域松湖4栋2301
东莞金域松湖,13714459451,业主,渗漏,1,东莞金域松湖21栋2003
东莞金域松湖,13715130101,业主,浴改淋,1,东莞金域松湖10栋1304
东莞金域松湖,13717127450,业主,浴改淋,1,东莞金域松湖10栋202
东莞金域松湖,13717199230,业主,渗漏,1,东莞金域松湖6栋506
东莞金域松湖,13723422182,业主,渗漏,1,东莞金域松湖12栋2206
东莞金域松湖,13723502766,业主,渗漏,1,东莞金域松湖22栋101
东莞金域松湖,13723503122,业主,渗漏,1,东莞金域松湖22栋2102
东莞金域松湖,13724135555,业主,浴改淋,1,东莞金域松湖25栋0001
东莞金域松湖,13725487437,业主,渗漏,1,东莞金域松湖5栋505
东莞金域松湖,13726414060,业主,渗漏,1,东莞金域松湖19栋2002
东莞金域松湖,13726425355,业主,渗漏,1,东莞金域松湖7栋304
东莞金域松湖,13728108009,业主,渗漏,1,东莞金域松湖7栋102
东莞金域松湖,13728112223,业主,渗漏,1,东莞金域松湖14栋201
东莞金域松湖,13728152992,业主,渗漏,1,东莞金域松湖6栋2201
东莞金域松湖,13728332208,业主,渗漏,1,东莞金域松湖19栋103
东莞金域松湖,13728336383,业主,渗漏,1,东莞金域松湖9栋301
东莞金域松湖,13728441210,业主,渗漏,1,东莞金域松湖7栋601
东莞金域松湖,13729921207,业主,浴改淋,1,东莞金域松湖16栋1003
东莞金域松湖,13729952728,业主,渗漏,1,东莞金域松湖21栋901
东莞金域松湖,13729989252,业主,渗漏,1,东莞金域松湖6栋1002
东莞金域松湖,13751057886,业主,渗漏,1,东莞金域松湖34栋1203
东莞金域松湖,13751220408,业主,渗漏,1,东莞金域松湖14栋905
东莞金域松湖,13751271413,业主,渗漏,1,东莞金域松湖7栋505
东莞金域松湖,13751338303,业主,渗漏,1,东莞金域松湖29栋305
东莞金域松湖,13751359783,业主,渗漏,1,东莞金域松湖10栋1005
东莞金域松湖,13760232700,业主,浴改淋,1,东莞金域松湖11栋2105
东莞金域松湖,13760278886,业主,渗漏,1,东莞金域松湖13栋2403
东莞金域松湖,13760364476,业主,浴改淋,1,东莞金域松湖20栋703
东莞金域松湖,13760402766,业主,渗漏,1,东莞金域松湖5栋1206
东莞金域松湖,13760440255,业主,渗漏,1,东莞金域松湖11栋2503
东莞金域松湖,13760658129,业主,渗漏,1,东莞金域松湖15栋903
东莞金域松湖,13763181503,业主,渗漏,1,东莞金域松湖5栋2002
东莞金域松湖,13763185668,业主,渗漏,1,东莞金域松湖22栋1503
东莞金域松湖,13790115670,业主,渗漏,1,东莞金域松湖17栋701
东莞金域松湖,13790247803,业主,浴改淋,1,东莞金域松湖5栋1004
东莞金域松湖,13790262662,业主,渗漏,1,东莞金域松湖2栋2104
东莞金域松湖,13790289054,业主,渗漏,1,东莞金域松湖11栋1303
东莞金域松湖,13790334975,业主,渗漏,1,东莞金域松湖20栋2008
东莞金域松湖,13790338828,业主,渗漏,1,东莞金域松湖13栋905
东莞金域松湖,13790413908,业主,渗漏,1,东莞金域松湖13栋2104
东莞金域松湖,13794860038,业主,渗漏,1,东莞金域松湖29栋602
东莞金域松湖,13794927338,业主,渗漏,1,东莞金域松湖20栋1202
东莞金域松湖,13798279726,业主,"渗漏,浴改淋",1,东莞金域松湖10栋701
东莞金域松湖,13798586925,业主,渗漏,1,东莞金域松湖15栋2401
东莞金域松湖,13798757939,业主,浴改淋,1,东莞金域松湖12栋2404
东莞金域松湖,13798824695,业主,渗漏,1,东莞金域松湖13栋706
东莞金域松湖,13798828702,业主,渗漏,1,东莞金域松湖15栋504
东莞金域松湖,13798865958,业主,渗漏,1,东莞金域松湖20栋1003
东莞金域松湖,13798866100,业主,渗漏,1,东莞金域松湖20栋601
东莞金域松湖,13798873516,业主,"渗漏,浴改淋",1,东莞金域松湖13栋1306
东莞金域松湖,13802249302,业主,浴改淋,1,东莞金域松湖3栋2502
东莞金域松湖,13802391272,业主,渗漏,1,东莞金域松湖26栋108
东莞金域松湖,13809610048,业主,浴改淋,1,东莞金域松湖4栋303
东莞金域松湖,13809631511,业主,浴改淋,1,东莞金域松湖10栋905
东莞金域松湖,13809826895,业主,渗漏,1,东莞金域松湖18栋303
东莞金域松湖,13823128508,业主,渗漏,1,东莞金域松湖20栋202
东莞金域松湖,13823216020,业主,"渗漏,浴改淋",1,东莞金域松湖11栋1105
东莞金域松湖,13823232489,业主,浴改淋,1,东莞金域松湖5栋1205
东莞金域松湖,13823721456,业主,渗漏,1,东莞金域松湖20栋1008
东莞金域松湖,13823763590,业主,渗漏,1,东莞金域松湖29栋1904
东莞金域松湖,13824321086,业主,渗漏,1,东莞金域松湖32栋1105
东莞金域松湖,13825209491,业主,浴改淋,1,东莞金域松湖21栋1202
东莞金域松湖,13825780793,业主,渗漏,1,东莞金域松湖18栋603
东莞金域松湖,13826275585,业主,渗漏,1,东莞金域松湖19栋102
东莞金域松湖,13826564586,业主,渗漏,1,东莞金域松湖4栋402
东莞金域松湖,13826908784,业主,渗漏,1,东莞金域松湖22栋1202
东莞金域松湖,13826909966,业主,渗漏,1,东莞金域松湖8栋1106
东莞金域松湖,13826954568,业主,"渗漏,浴改淋",1,东莞金域松湖9栋1001
东莞金域松湖,13826960767,业主,渗漏,1,东莞金域松湖14栋2206
东莞金域松湖,13826968835,业主,渗漏,1,东莞金域松湖4栋1002
东莞金域松湖,13827205685,业主,渗漏,1,东莞金域松湖29栋1006
东莞金域松湖,13827280880,业主,浴改淋,1,东莞金域松湖29栋1301
东莞金域松湖,13827283356,业主,浴改淋,1,东莞金域松湖21栋2304
东莞金域松湖,13827289410,业主,渗漏,1,东莞金域松湖13栋1106
东莞金域松湖,13828701618,业主,渗漏,1,东莞金域松湖12栋804
东莞金域松湖,13828867970,业主,"渗漏,浴改淋",1,东莞金域松湖21栋2002
东莞金域松湖,13829109505,业主,渗漏,1,东莞金域松湖12栋2004
东莞金域松湖,13829110666,业主,渗漏,1,东莞金域松湖4栋2104
东莞金域松湖,13829124190,业主,渗漏,1,东莞金域松湖22栋2301
东莞金域松湖,13829212719,业主,渗漏,1,东莞金域松湖9栋1304
东莞金域松湖,13829229248,业主,渗漏,1,东莞金域松湖15栋1301
东莞金域松湖,13829252490,业主,渗漏,1,东莞金域松湖10栋1906
东莞金域松湖,13902321807,业主,渗漏,1,东莞金域松湖17栋702
东莞金域松湖,13902605815,业主,浴改淋,1,东莞金域松湖17栋1905
东莞金域松湖,13902696444,业主,浴改淋,1,东莞金域松湖26栋111
东莞金域松湖,13903032159,业主,渗漏,1,东莞金域松湖21栋2203
东莞金域松湖,13922500126,业主,浴改淋,1,东莞金域松湖13栋1904
东莞金域松湖,13922820233,业主,浴改淋,1,东莞金域松湖31栋1002
东莞金域松湖,13922893422,业主,渗漏,1,东莞金域松湖9栋2401
东莞金域松湖,13922902347,业主,渗漏,1,东莞金域松湖19栋2403
东莞金域松湖,13922913221,业主,浴改淋,1,东莞金域松湖19栋508
东莞金域松湖,13922913583,业主,渗漏,1,东莞金域松湖6栋503
东莞金域松湖,13922932826,业主,渗漏,1,东莞金域松湖16栋1605
东莞金域松湖,13922933102,业主,渗漏,1,东莞金域松湖10栋2503
东莞金域松湖,13922944018,业主,浴改淋,1,东莞金域松湖13栋2105
东莞金域松湖,13922981314,业主,渗漏,1,东莞金域松湖17栋603
东莞金域松湖,13922989189,业主,渗漏,1,东莞金域松湖19栋1602
东莞金域松湖,13922990716,业主,"渗漏,浴改淋",1,东莞金域松湖15栋901
东莞金域松湖,13922990836,业主,渗漏,1,东莞金域松湖17栋602
东莞金域松湖,13922991509,业主,浴改淋,1,东莞金域松湖10栋2005
东莞金域松湖,13922992667,业主,浴改淋,1,东莞金域松湖14栋204
东莞金域松湖,13922992704,业主,渗漏,1,东莞金域松湖11栋1803
东莞金域松湖,13922994758,业主,渗漏,1,东莞金域松湖9栋2505
东莞金域松湖,13923855684,业主,渗漏,1,东莞金域松湖22栋2401
东莞金域松湖,13923899271,业主,渗漏,1,东莞金域松湖20栋2308
东莞金域松湖,13925533702,业主,渗漏,1,东莞金域松湖8栋604
东莞金域松湖,13925552795,业主,渗漏,1,东莞金域松湖16栋404
东莞金域松湖,13925557604,业主,渗漏,1,东莞金域松湖18栋602
东莞金域松湖,13925569396,业主,浴改淋,1,东莞金域松湖8栋506
东莞金域松湖,13925595075,业主,渗漏,1,东莞金域松湖14栋1905
东莞金域松湖,13925707830,业主,渗漏,1,东莞金域松湖20栋1203
东莞金域松湖,13925739516,业主,渗漏,1,东莞金域松湖10栋1203
东莞金域松湖,13925748055,业主,"渗漏,浴改淋",1,东莞金域松湖12栋503
东莞金域松湖,13925770103,业主,渗漏,1,东莞金域松湖7栋2103
东莞金域松湖,13925818360,业主,渗漏,1,东莞金域松湖10栋1806
东莞金域松湖,13925819333,业主,"渗漏,浴改淋",1,东莞金域松湖7栋303
东莞金域松湖,13925828727,业主,渗漏,1,东莞金域松湖13栋2204
东莞金域松湖,13925841449,业主,"渗漏,浴改淋",1,东莞金域松湖10栋603
东莞金域松湖,13925863141,业主,渗漏,1,东莞金域松湖5栋705
东莞金域松湖,13925882228,业主,渗漏,1,东莞金域松湖6栋1105
东莞金域松湖,13925887182,业主,渗漏,1,东莞金域松湖20栋2103
东莞金域松湖,13925894873,业主,渗漏,1,东莞金域松湖19栋902
东莞金域松湖,13926546346,业主,渗漏,1,东莞金域松湖14栋1101
东莞金域松湖,13926837983,业主,渗漏,1,东莞金域松湖5栋204
东莞金域松湖,13928333737,业主,渗漏,1,东莞金域松湖6栋1201
东莞金域松湖,13929225282,业主,渗漏,1,东莞金域松湖5栋1106
东莞金域松湖,13929226790,业主,渗漏,1,东莞金域松湖9栋1405
东莞金域松湖,13929239562,业主,浴改淋,1,东莞金域松湖37栋101
东莞金域松湖,13929240881,业主,渗漏,1,东莞金域松湖10栋401
东莞金域松湖,13929273828,业主,渗漏,1,东莞金域松湖22栋103
东莞金域松湖,13929496636,业主,渗漏,1,东莞金域松湖21栋2301
东莞金域松湖,13929498549,业主,浴改淋,1,东莞金域松湖8栋1605
东莞金域松湖,13971496731,业主,渗漏,1,东莞金域松湖12栋806
东莞金域松湖,15013601499,业主,"渗漏,浴改淋",1,东莞金域松湖11栋406
东莞金域松湖,15013683564,业主,渗漏,1,东莞金域松湖21栋1802
东莞金域松湖,15014753189,业主,"渗漏,浴改淋",1,东莞金域松湖16栋2306
东莞金域松湖,15014838569,业主,渗漏,1,东莞金域松湖19栋1803
东莞金域松湖,15014860266,业主,渗漏,1,东莞金域松湖17栋1203
东莞金域松湖,15015171303,业主,渗漏,1,东莞金域松湖2栋2306
东莞金域松湖,15016853557,业主,浴改淋,1,东莞金域松湖6栋1702
东莞金域松湖,15017069777,业主,渗漏,1,东莞金域松湖6栋1005
东莞金域松湖,15019400529,业主,渗漏,1,东莞金域松湖11栋1604
东莞金域松湖,15019998596,业主,浴改淋,1,东莞金域松湖7栋506
东莞金域松湖,15072271516,业主,渗漏,1,东莞金域松湖8栋1102
东莞金域松湖,15099722847,业主,渗漏,1,东莞金域松湖16栋1302
东莞金域松湖,15112433191,业主,渗漏,1,东莞金域松湖14栋906
东莞金域松湖,15118224977,业主,渗漏,1,东莞金域松湖12栋2301
东莞金域松湖,15128280710,业主,浴改淋,1,东莞金域松湖11栋703
东莞金域松湖,15220132002,业主,浴改淋,1,东莞金域松湖31栋1305
东莞金域松湖,15295000295,业主,渗漏,1,东莞金域松湖5栋1702
东莞金域松湖,15328670941,业主,渗漏,1,东莞金域松湖13栋2106
东莞金域松湖,15359586977,业主,渗漏,1,东莞金域松湖9栋2003
东莞金域松湖,15362668136,业主,"渗漏,浴改淋",1,东莞金域松湖4栋602
东莞金域松湖,15362688271,业主,渗漏,1,东莞金域松湖13栋1604
东莞金域松湖,15362873487,业主,渗漏,1,东莞金域松湖29栋1804
东莞金域松湖,15377761179,业主,"渗漏,浴改淋",1,东莞金域松湖20栋302
东莞金域松湖,15382889688,业主,浴改淋,1,东莞金域松湖9栋1503
东莞金域松湖,15399410298,业主,渗漏,1,东莞金域松湖6栋905
东莞金域松湖,15565064539,业主,渗漏,1,东莞金域松湖13栋1503
东莞金域松湖,15605060268,业主,渗漏,1,东莞金域松湖20栋1808
东莞金域松湖,15625538017,业主,渗漏,1,东莞金域松湖10栋405
东莞金域松湖,15625832528,业主,渗漏,1,东莞金域松湖8栋906
东莞金域松湖,15626173071,业主,渗漏,1,东莞金域松湖17栋1706
东莞金域松湖,15697390866,业主,渗漏,1,东莞金域松湖10栋2504
东莞金域松湖,15812826651,业主,浴改淋,1,东莞金域松湖10栋2303
东莞金域松湖,15812898410,业主,渗漏,1,东莞金域松湖9栋1306
东莞金域松湖,15814035080,业主,渗漏,1,东莞金域松湖12栋405
东莞金域松湖,15814391678,业主,渗漏,1,东莞金域松湖22栋1801
东莞金域松湖,15814643203,业主,渗漏,1,东莞金域松湖16栋2405
东莞金域松湖,15817376282,业主,渗漏,1,东莞金域松湖15栋2404
东莞金域松湖,15817500172,业主,渗漏,1,东莞金域松湖18栋1806
东莞金域松湖,15818218812,业主,渗漏,1,东莞金域松湖7栋604
东莞金域松湖,15818401982,业主,渗漏,1,东莞金域松湖20栋2301
东莞金域松湖,15818742171,业主,浴改淋,1,东莞金域松湖29栋1901
东莞金域松湖,15820838128,业主,"渗漏,浴改淋",1,东莞金域松湖29栋904
东莞金域松湖,15827159599,业主,渗漏,1,东莞金域松湖16栋1806
东莞金域松湖,15889501737,业主,渗漏,1,东莞金域松湖13栋1103
东莞金域松湖,15889694933,业主,渗漏,1,东莞金域松湖13栋306
东莞金域松湖,15889766768,业主,渗漏,1,东莞金域松湖5栋1602
东莞金域松湖,15899646992,业主,渗漏,1,东莞金域松湖21栋1708
东莞金域松湖,15899682158,业主,渗漏,1,东莞金域松湖22栋901
东莞金域松湖,15900116892,业主,渗漏,1,东莞金域松湖10栋2405
东莞金域松湖,15913723996,业主,渗漏,1,东莞金域松湖13栋1902
东莞金域松湖,15916788884,业主,渗漏,1,东莞金域松湖5栋1104
东莞金域松湖,15916801026,业主,"渗漏,浴改淋",1,东莞金域松湖15栋1506
东莞金域松湖,15919418065,业主,渗漏,1,东莞金域松湖15栋505
东莞金域松湖,15920053901,业主,渗漏,1,东莞金域松湖20栋1708
东莞金域松湖,15920288064,业主,渗漏,1,东莞金域松湖9栋705
东莞金域松湖,15920291717,业主,渗漏,1,东莞金域松湖22栋803
东莞金域松湖,15920681889,业主,渗漏,1,东莞金域松湖29栋1304
东莞金域松湖,15986779645,业主,渗漏,1,东莞金域松湖13栋1801
东莞金域松湖,15989372053,业主,浴改淋,1,东莞金域松湖16栋1803
东莞金域松湖,15992716847,业主,渗漏,1,东莞金域松湖11栋1502
东莞金域松湖,15999538384,业主,渗漏,1,东莞金域松湖4栋802
东莞金域松湖,15999758276,业主,浴改淋,1,东莞金域松湖9栋1305
东莞金域松湖,15999794824,业主,渗漏,1,东莞金域松湖9栋202
东莞金域松湖,15999831444,业主,浴改淋,1,东莞金域松湖11栋704
东莞金域松湖,15999834569,业主,渗漏,1,东莞金域松湖7栋2303
东莞金域松湖,18002587999,业主,渗漏,1,东莞金域松湖10栋206
东莞金域松湖,18007693221,业主,渗漏,1,东莞金域松湖4栋302
东莞金域松湖,18010028772,业主,渗漏,1,东莞金域松湖14栋806
东莞金域松湖,18026936997,业主,渗漏,1,东莞金域松湖18栋601
东莞金域松湖,18038079826,业主,渗漏,1,东莞金域松湖16栋501
东莞金域松湖,18070951394,业主,渗漏,1,东莞金域松湖8栋602
东莞金域松湖,18098268968,业主,渗漏,1,东莞金域松湖11栋1006
东莞金域松湖,18122866393,业主,浴改淋,1,东莞金域松湖10栋1501
东莞金域松湖,18126533160,业主,渗漏,1,东莞金域松湖10栋1605
东莞金域松湖,18128550733,业主,渗漏,1,东莞金域松湖7栋1801
东莞金域松湖,18164029950,业主,渗漏,1,东莞金域松湖22栋503
东莞金域松湖,18198822283,业主,浴改淋,1,东莞金域松湖33栋1805
东莞金域松湖,18215570903,业主,渗漏,1,东莞金域松湖13栋1101
东莞金域松湖,18218870744,业主,渗漏,1,东莞金域松湖12栋304
东莞金域松湖,18266906943,业主,渗漏,1,东莞金域松湖7栋704
东莞金域松湖,18370993609,业主,浴改淋,1,东莞金域松湖32栋1301
东莞金域松湖,18507556821,业主,渗漏,1,东莞金域松湖17栋2202
东莞金域松湖,18566130582,业主,渗漏,1,东莞金域松湖17栋802
东莞金域松湖,18566182915,业主,渗漏,1,东莞金域松湖12栋2306
东莞金域松湖,18566238919,业主,渗漏,1,东莞金域松湖15栋2203
东莞金域松湖,18566562438,业主,渗漏,1,东莞金域松湖21栋2104
东莞金域松湖,18575232057,业主,渗漏,1,东莞金域松湖21栋803
东莞金域松湖,18577399271,业主,浴改淋,1,东莞金域松湖8栋2301
东莞金域松湖,18603062163,业主,渗漏,1,东莞金域松湖11栋2203
东莞金域松湖,18607693318,业主,渗漏,1,东莞金域松湖22栋808
东莞金域松湖,18610182677,业主,渗漏,1,东莞金域松湖29栋1103
东莞金域松湖,18617215350,业主,渗漏,1,东莞金域松湖22栋1102
东莞金域松湖,18617229526,业主,渗漏,1,东莞金域松湖12栋203
东莞金域松湖,18627075532,业主,渗漏,1,东莞金域松湖13栋202
东莞金域松湖,18664073089,业主,浴改淋,1,东莞金域松湖11栋206
东莞金域松湖,18664103896,业主,渗漏,1,东莞金域松湖1栋2503
东莞金域松湖,18664393373,业主,浴改淋,1,东莞金域松湖31栋1001
东莞金域松湖,18665103512,家属,渗漏,1,东莞金域松湖20栋1301
东莞金域松湖,18665121709,业主,浴改淋,1,东莞金域松湖8栋1305
东莞金域松湖,18665898240,业主,渗漏,1,东莞金域松湖12栋1901
东莞金域松湖,18666226197,业主,渗漏,1,东莞金域松湖34栋501
东莞金域松湖,18666436188,业主,浴改淋,1,东莞金域松湖11栋1801
东莞金域松湖,18666883305,业主,渗漏,1,东莞金域松湖11栋1704
东莞金域松湖,18666883567,业主,渗漏,1,东莞金域松湖29栋605
东莞金域松湖,18675507751,业主,渗漏,1,东莞金域松湖22栋2202
东莞金域松湖,18675558896,业主,渗漏,1,东莞金域松湖4栋1505
东莞金域松湖,18676058346,业主,渗漏,1,东莞金域松湖9栋1602
东莞金域松湖,18676219350,业主,浴改淋,1,东莞金域松湖11栋1605
东莞金域松湖,18676612414,业主,渗漏,1,东莞金域松湖18栋402
东莞金域松湖,18680069746,业主,渗漏,1,东莞金域松湖16栋1106
东莞金域松湖,18680069808,业主,渗漏,1,东莞金域松湖8栋2204
东莞金域松湖,18680417257,业主,渗漏,1,东莞金域松湖8栋301
东莞金域松湖,18680605923,业主,"渗漏,浴改淋",1,东莞金域松湖10栋2501
东莞金域松湖,18680605988,业主,渗漏,1,东莞金域松湖6栋2104
东莞金域松湖,18682125321,业主,渗漏,1,东莞金域松湖14栋1506
东莞金域松湖,18682283365,业主,渗漏,1,东莞金域松湖15栋1705
东莞金域松湖,18688613005,业主,渗漏,1,东莞金域松湖11栋1606
东莞金域松湖,18688617224,业主,渗漏,1,东莞金域松湖9栋306
东莞金域松湖,18688719289,业主,渗漏,1,东莞金域松湖11栋1903
东莞金域松湖,18688732678,业主,渗漏,1,东莞金域松湖20栋1603
东莞金域松湖,18688810253,业主,渗漏,1,东莞金域松湖13栋902
东莞金域松湖,18688818507,业主,"渗漏,浴改淋",1,东莞金域松湖14栋1001
东莞金域松湖,18688837688,业主,渗漏,1,东莞金域松湖20栋103
东莞金域松湖,18706222733,业主,渗漏,1,东莞金域松湖6栋1806
东莞金域松湖,18818520468,业主,渗漏,1,东莞金域松湖13栋2102
东莞金域松湖,18819528837,业主,渗漏,1,东莞金域松湖8栋304
东莞金域松湖,18819766705,业主,渗漏,1,东莞金域松湖19栋402
东莞金域松湖,18820210203,业主,渗漏,1,东莞金域松湖9栋2501
东莞金域松湖,18820309553,业主,渗漏,1,东莞金域松湖22栋504
东莞金域松湖,18823813120,业主,渗漏,1,东莞金域松湖18栋1802
东莞金域松湖,18824419768,业主,浴改淋,1,东莞金域松湖13栋2502
东莞金域松湖,18825143845,业主,浴改淋,1,东莞金域松湖5栋2202
东莞金域松湖,18825538726,业主,渗漏,1,东莞金域松湖20栋802
东莞金域松湖,18825751535,业主,渗漏,1,东莞金域松湖6栋1102
东莞金域松湖,18825863406,业主,渗漏,1,东莞金域松湖16栋606
东莞金域松湖,18826892819,业主,浴改淋,1,东莞金域松湖11栋1306
东莞金域松湖,18826981937,业主,渗漏,1,东莞金域松湖4栋505
东莞金域松湖,18829902266,业主,渗漏,1,东莞金域松湖21栋2208
东莞金域松湖,18922958932,业主,渗漏,1,东莞金域松湖9栋1605
东莞金域松湖,18925704599,业主,渗漏,1,东莞金域松湖19栋1501
东莞金域松湖,18925861216,业主,渗漏,1,东莞金域松湖4栋504
东莞金域松湖,18928890857,业主,渗漏,1,东莞金域松湖13栋606
东莞金域松湖,18929181653,业主,渗漏,1,东莞金域松湖13栋503
东莞金域松湖,18929185027,业主,渗漏,1,东莞金域松湖12栋305
东莞金域松湖,18929257677,业主,渗漏,1,东莞金域松湖12栋501
东莞金域松湖,18938226030,业主,浴改淋,1,东莞金域松湖20栋408
东莞金域松湖,18938289398,业主,渗漏,1,东莞金域松湖15栋1905
东莞金域松湖,18938534460,业主,渗漏,1,东莞金域松湖12栋1904
东莞金域松湖,18938584521,业主,浴改淋,1,东莞金域松湖21栋303
东莞金域松湖,18944730046,业主,渗漏,1,东莞金域松湖14栋301
东莞金域松湖,18988707988,业主,渗漏,1,东莞金域松湖14栋502
东莞金域松湖,18998046899,业主,渗漏,1,东莞金域松湖20栋1402
深圳第五园,13602609179,业主,"渗漏,渗漏,浴改淋",2,"深圳第五园八期1栋3单元401,深圳第五园五期2栋1单元1201"
深圳第五园,13692230303,业主,渗漏,2,"深圳第五园八期4栋2单元1903,深圳第五园五期11栋1单元1101"
深圳第五园,13823289002,业主,渗漏,2,"深圳第五园六期1栋1单元1202,深圳第五园六期1栋1单元1201"
深圳第五园,15813735015,业主,"渗漏,浴改淋,浴改淋",2,"深圳第五园五期5栋1单元1105,深圳第五园五期5栋1单元1106"
深圳第五园,18025336698,业主,浴改淋,2,"深圳第五园六期6栋1单元1107,深圳第五园六期6栋1单元1108"
深圳第五园,13005437755,业主,渗漏,1,深圳第五园五期9栋1单元805
深圳第五园,13006604500,业主,渗漏,1,深圳第五园二期M9栋2单元602
深圳第五园,13026613157,业主,渗漏,1,深圳第五园四期1号楼1单元1503
深圳第五园,13028856056,业主,渗漏,1,深圳第五园八期4栋2单元803
深圳第五园,13043472480,业主,渗漏,1,深圳第五园二期M6栋1单元601
深圳第五园,13051361232,业主,浴改淋,1,深圳第五园三期H3栋3单元201
深圳第五园,13066880033,业主,渗漏,1,深圳第五园一期M2栋5单元102
深圳第五园,13066889945,业主,浴改淋,1,深圳第五园三期H2栋1单元505
深圳第五园,13066961397,业主,渗漏,1,深圳第五园六期4栋1单元402
深圳第五园,13066992688,业主,渗漏,1,深圳第五园五期商铺4至6栋B113
深圳第五园,13077883338,业主,渗漏,1,深圳第五园二期M6栋4单元201
深圳第五园,13143452997,业主,渗漏,1,深圳第五园三期H2栋2单元1506
深圳第五园,13168726142,业主,渗漏,1,深圳第五园三期H1栋1单元1202
深圳第五园,13242923943,业主,浴改淋,1,深圳第五园四期1号楼1单元1407
深圳第五园,13266580529,业主,渗漏,1,深圳第五园四期1号楼1单元1701
深圳第五园,13267089210,业主,渗漏,1,深圳第五园六期5栋1单元911
深圳第五园,13302316566,业主,渗漏,1,深圳第五园八期1栋2单元401
深圳第五园,13302435588,业主,"渗漏,浴改淋",1,深圳第五园一期T4栋1单元104
深圳第五园,13302450388,业主,渗漏,1,深圳第五园五期7栋1单元1505
深圳第五园,13302735519,业主,渗漏,1,深圳第五园四期4号楼1单元1608
深圳第五园,13312929006,业主,渗漏,1,深圳第五园二期G9栋3单元301
深圳第五园,13316536678,业主,渗漏,1,深圳第五园五期1栋1单元1201
深圳第五园,13316803575,业主,浴改淋,1,深圳第五园二期M7栋5单元601
深圳第五园,13316825533,业主,浴改淋,1,深圳第五园五期9栋1单元701
深圳第五园,13316926819,业主,渗漏,1,深圳第五园四期7号楼1单元2001
深圳第五园,13316955552,业主,浴改淋,1,深圳第五园二期G8栋1单元201
深圳第五园,13316967530,业主,渗漏,1,深圳第五园二期T14栋2单元106
深圳第五园,13352930970,业主,"渗漏,浴改淋",1,深圳第五园五期10栋1单元1701
深圳第五园,13380788296,业主,渗漏,1,深圳第五园三期H1栋3单元1401
深圳第五园,13392154705,业主,渗漏,1,深圳第五园六期2栋1单元801
深圳第五园,13410299495,业主,渗漏,1,深圳第五园六期5栋1单元901
深圳第五园,13410414602,业主,渗漏,1,深圳第五园四期4号楼1单元604
深圳第五园,13417429491,业主,浴改淋,1,深圳第五园五期10栋1单元1703
深圳第五园,13417526855,业主,浴改淋,1,深圳第五园六期3栋1单元905
深圳第五园,13418686100,业主,渗漏,1,深圳第五园四期2号楼1单元907
深圳第五园,13418930089,业主,渗漏,1,深圳第五园三期H3栋1单元606
深圳第五园,13420950521,业主,"渗漏,浴改淋",1,深圳第五园二期M9栋6单元202
深圳第五园,13420997096,业主,浴改淋,1,深圳第五园一期T5栋1单元101
深圳第五园,13421334413,业主,"渗漏,浴改淋",1,深圳第五园五期7栋1单元303
深圳第五园,13421379835,业主,渗漏,1,深圳第五园六期5栋1单元303
深圳第五园,13422349447,业主,浴改淋,1,深圳第五园四期3号楼1单元1106
深圳第五园,13424180340,业主,浴改淋,1,深圳第五园一期G4栋2单元101
深圳第五园,13424265373,业主,渗漏,1,深圳第五园五期12栋1单元213
深圳第五园,13424396021,业主,渗漏,1,深圳第五园二期M7栋3单元601
深圳第五园,13425130881,业主,浴改淋,1,深圳第五园五期12栋1单元703
深圳第五园,13425183253,业主,渗漏,1,深圳第五园四期3号楼1单元702
深圳第五园,13428918064,业主,渗漏,1,深圳第五园四期5号楼1单元302
深圳第五园,13428988887,业主,浴改淋,1,深圳第五园五期2栋1单元1205
深圳第五园,13428997767,业主,渗漏,1,深圳第五园一期M1栋1单元302
深圳第五园,13480654026,业主,浴改淋,1,深圳第五园五期12栋1单元402
深圳第五园,13480869817,业主,渗漏,1,深圳第五园八期7栋1单元801
深圳第五园,13480939070,业主,渗漏,1,深圳第五园五期9栋1单元501
深圳第五园,13480970370,业主,渗漏,1,深圳第五园三期H3栋3单元1006
深圳第五园,13500056306,业主,渗漏,1,深圳第五园五期6栋1单元1104
深圳第五园,13501558486,业主,"渗漏,浴改淋",1,深圳第五园二期G8栋1单元101
深圳第五园,13501581274,业主,渗漏,1,深圳第五园五期8栋1单元1301
深圳第五园,13501589449,业主,浴改淋,1,深圳第五园二期T14栋2单元104
深圳第五园,13501597129,业主,渗漏,1,深圳第五园四期1号楼1单元608
深圳第五园,13502813618,业主,渗漏,1,深圳第五园一期T5栋1单元103
深圳第五园,13502818192,业主,渗漏,1,深圳第五园六期6栋1单元307
深圳第五园,13502819074,业主,渗漏,1,深圳第五园二期G6栋2单元301
深圳第五园,13502821152,业主,渗漏,1,深圳第五园四期2号楼1单元1203
深圳第五园,13502854318,业主,渗漏,1,深圳第五园一期G3栋2单元101
深圳第五园,13502870575,业主,渗漏,1,深圳第五园一期G4栋1单元102
深圳第五园,13502880516,业主,渗漏,1,深圳第五园二期G7栋2单元202
深圳第五园,13502881686,业主,浴改淋,1,深圳第五园八期7栋1单元902
深圳第五园,13509601313,业主,渗漏,1,深圳第五园四期7号楼1单元2604
深圳第五园,13509607479,业主,渗漏,1,深圳第五园四期4号楼1单元906
深圳第五园,13509613891,业主,渗漏,1,深圳第五园一期M3栋3单元501
深圳第五园,13509615693,业主,浴改淋,1,深圳第五园一期G4栋1单元202
深圳第五园,13509636010,业主,渗漏,1,深圳第五园四期4号楼1单元908
深圳第五园,13509645409,业主,渗漏,1,深圳第五园八期9栋1单元801
深圳第五园,13509650111,业主,渗漏,1,深圳第五园二期G7栋1单元302
深圳第五园,13509652527,业主,浴改淋,1,深圳第五园三期H3栋2单元306
深圳第五园,13509664870,业主,渗漏,1,深圳第五园三期H3栋1单元1006
深圳第五园,13509696670,业主,渗漏,1,深圳第五园八期4栋1单元1601
深圳第五园,13510001612,业主,渗漏,1,深圳第五园二期G8栋3单元302
深圳第五园,13510005184,业主,渗漏,1,深圳第五园四期6号楼1单元1204
深圳第五园,13510027345,业主,浴改淋,1,深圳第五园一期G3栋2单元202
深圳第五园,13510072002,业主,浴改淋,1,深圳第五园六期4栋1单元103
深圳第五园,13510111889,业主,渗漏,1,深圳第五园四期4号楼1单元1104
深圳第五园,13510143686,业主,渗漏,1,深圳第五园三期H3栋1单元706
深圳第五园,13510162784,业主,渗漏,1,深圳第五园四期2号楼1单元1501
深圳第五园,13510239661,业主,浴改淋,1,深圳第五园二期M9栋2单元601
深圳第五园,13510286131,业主,渗漏,1,深圳第五园五期2栋1单元1001
深圳第五园,13510293001,业主,渗漏,1,深圳第五园三期H3栋2单元1402
深圳第五园,13510304501,业主,"渗漏,浴改淋",1,深圳第五园四期3号楼1单元1804
深圳第五园,13510331621,业主,渗漏,1,深圳第五园四期5号楼1单元102
深圳第五园,13510380072,业主,渗漏,1,深圳第五园二期M6栋1单元501
深圳第五园,13510399142,业主,渗漏,1,深圳第五园四期4号楼1单元1306
深圳第五园,13510498042,业主,"渗漏,浴改淋",1,深圳第五园四期3号楼1单元1105
深圳第五园,13510531437,业主,渗漏,1,深圳第五园一期M3栋4单元401
深圳第五园,13510564176,业主,渗漏,1,深圳第五园四期2号楼1单元304
深圳第五园,13510602716,业主,渗漏,1,深圳第五园二期M7栋3单元502
深圳第五园,13510633281,业主,渗漏,1,深圳第五园五期12栋1单元1205
深圳第五园,13510653546,业主,浴改淋,1,深圳第五园八期6栋2单元1202
深圳第五园,13510668505,业主,渗漏,1,深圳第五园四期5号楼1单元802
深圳第五园,13510683350,业主,渗漏,1,深圳第五园五期4栋1单元403
深圳第五园,13510758812,业主,渗漏,1,深圳第五园八期5栋1单元1804
深圳第五园,13510769076,业主,渗漏,1,深圳第五园四期7号楼1单元202
深圳第五园,13510787725,业主,渗漏,1,深圳第五园四期6号楼1单元1704
深圳第五园,13510803267,业主,浴改淋,1,深圳第五园五期5栋1单元1205
深圳第五园,13510864668,业主,渗漏,1,深圳第五园一期M1栋2单元201
深圳第五园,13510891889,业主,渗漏,1,深圳第五园四期6号楼1单元2002
深圳第五园,13530012716,业主,渗漏,1,深圳第五园六期5栋1单元1305
深圳第五园,13530092050,业主,渗漏,1,深圳第五园三期H3栋3单元1306
深圳第五园,13530151391,业主,浴改淋,1,深圳第五园一期T7栋3单元101
深圳第五园,13530162279,业主,渗漏,1,深圳第五园五期6栋1单元1405
深圳第五园,13530228150,业主,渗漏,1,深圳第五园八期6栋2单元1401
深圳第五园,13530519621,业主,浴改淋,1,深圳第五园一期T7栋2单元105
深圳第五园,13530526208,业主,渗漏,1,深圳第五园四期6号楼1单元1101
深圳第五园,13530590004,业主,渗漏,1,深圳第五园四期3号楼1单元1306
深圳第五园,13530728288,业主,浴改淋,1,深圳第五园一期G3栋2单元102
深圳第五园,13530920094,业主,渗漏,1,深圳第五园四期6号楼1单元1304
深圳第五园,13530943390,业主,渗漏,1,深圳第五园四期1号楼1单元802
深圳第五园,13530948440,业主,渗漏,1,深圳第五园四期5号楼1单元1002
深圳第五园,13534123506,业主,渗漏,1,深圳第五园五期5栋1单元303
深圳第五园,13537671929,业主,渗漏,1,深圳第五园四期4号楼1单元1504
深圳第五园,13537686007,业主,渗漏,1,深圳第五园二期T16栋2单元102
深圳第五园,13537884506,业主,"渗漏,浴改淋",1,深圳第五园八期5栋2单元803
深圳第五园,13538033216,业主,浴改淋,1,深圳第五园八期4栋4单元101
深圳第五园,13543281380,业主,渗漏,1,深圳第五园五期4栋1单元303
深圳第五园,13543328039,业主,浴改淋,1,深圳第五园二期T17栋1单元104
深圳第五园,13544110002,业主,浴改淋,1,深圳第五园二期G10栋2单元202
深圳第五园,13554726828,业主,"渗漏,浴改淋",1,深圳第五园一期M3栋4单元101
深圳第五园,13554849134,业主,渗漏,1,深圳第五园一期M1栋6单元401
深圳第五园,13556182301,业主,渗漏,1,深圳第五园六期6栋1单元907
深圳第五园,13556868804,业主,渗漏,1,深圳第五园五期6栋1单元401
深圳第五园,13560714902,业主,渗漏,1,深圳第五园八期1栋2单元302
深圳第五园,13570806276,业主,渗漏,1,深圳第五园六期1栋1单元1001
深圳第五园,13570862011,业主,浴改淋,1,深圳第五园八期6栋1单元1802
深圳第五园,13590135170,业主,渗漏,1,深圳第五园一期G1栋4单元201
深圳第五园,13590146345,业主,渗漏,1,深圳第五园八期4栋1单元1203
深圳第五园,13590167748,业主,"渗漏,浴改淋",1,深圳第五园五期12栋1单元602
深圳第五园,13590283184,业主,渗漏,1,深圳第五园四期7号楼1单元1402
深圳第五园,13590308215,业主,渗漏,1,深圳第五园二期M8栋2单元201
深圳第五园,13590326863,业主,渗漏,1,深圳第五园六期3栋1单元1903
深圳第五园,13590491343,业主,"渗漏,浴改淋",1,深圳第五园八期3栋2单元101
深圳第五园,13600147666,业主,渗漏,1,深圳第五园二期T16栋1单元104
深圳第五园,13600170618,业主,浴改淋,1,深圳第五园五期1栋1单元1303
深圳第五园,13600439257,业主,浴改淋,1,深圳第五园二期M8栋2单元101
深圳第五园,13602326600,业主,渗漏,1,深圳第五园二期M9栋3单元101
深圳第五园,13602528392,业主,浴改淋,1,深圳第五园一期T1栋1单元104
深圳第五园,13602530648,业主,渗漏,1,深圳第五园二期G2栋2单元201
深圳第五园,13602583722,业主,渗漏,1,深圳第五园一期T4栋1单元103
深圳第五园,13602584701,业主,渗漏,1,深圳第五园四期2号楼1单元303
深圳第五园,13602605148,业主,渗漏,1,深圳第五园三期H2栋2单元1202
深圳第五园,13602620260,业主,渗漏,1,深圳第五园四期4号楼1单元905
深圳第五园,13602624813,业主,渗漏,1,深圳第五园二期T19栋1单元106
深圳第五园,13602636983,业主,浴改淋,1,深圳第五园二期G5栋3单元102
深圳第五园,13602663619,业主,渗漏,1,深圳第五园六期2栋1单元1705
深圳第五园,13602679036,业主,浴改淋,1,深圳第五园八期5栋1单元703
深圳第五园,13602680990,业主,"渗漏,浴改淋",1,深圳第五园二期M6栋2单元601
深圳第五园,13602689589,业主,渗漏,1,深圳第五园八期6栋1单元1804
深圳第五园,13603015826,业主,渗漏,1,深圳第五园八期3栋2单元401
深圳第五园,13603018099,业主,渗漏,1,深圳第五园五期12栋1单元311
深圳第五园,13603023887,业主,渗漏,1,深圳第五园一期G4栋2单元201
深圳第五园,13603036868,业主,渗漏,1,深圳第五园三期G6栋1单元301
深圳第五园,13603042856,业主,"渗漏,浴改淋",1,深圳第五园五期1栋1单元1001
深圳第五园,13603053409,业主,浴改淋,1,深圳第五园五期9栋1单元1705
深圳第五园,13603063078,业主,浴改淋,1,深圳第五园一期T5栋1单元105
深圳第五园,13603066886,业主,渗漏,1,深圳第五园四期2号楼1单元408
深圳第五园,13603083861,业主,渗漏,1,深圳第五园四期1号楼1单元904
深圳第五园,13603090935,业主,"渗漏,浴改淋",1,深圳第五园八期3栋1单元302
深圳第五园,13609698911,业主,渗漏,1,深圳第五园六期6栋1单元705
深圳第五园,13612902606,业主,渗漏,1,深圳第五园四期6号楼1单元2504
深圳第五园,13613067230,业主,"渗漏,浴改淋",1,深圳第五园二期G1栋1单元102
深圳第五园,13613090320,业主,渗漏,1,深圳第五园二期M6栋2单元101
深圳第五园,13631531269,业主,渗漏,1,深圳第五园四期6号楼1单元2201
深圳第五园,13631578091,业主,浴改淋,1,深圳第五园四期3号楼1单元308
深圳第五园,13631591316,业主,渗漏,1,深圳第五园三期H1栋3单元501
深圳第五园,13631616998,业主,渗漏,1,深圳第五园六期6栋1单元701
深圳第五园,13632568645,业主,"渗漏,浴改淋",1,深圳第五园二期T26栋1单元105
深圳第五园,13632585319,业主,渗漏,1,深圳第五园八期5栋2单元1302
深圳第五园,13632624326,业主,渗漏,1,深圳第五园二期M9栋3单元202
深圳第五园,13632640362,业主,"渗漏,浴改淋",1,深圳第五园二期M8栋3单元101
深圳第五园,13632662686,业主,渗漏,1,深圳第五园二期M4栋1单元501
深圳第五园,13632673400,业主,渗漏,1,深圳第五园二期M8栋2单元601
深圳第五园,13632707899,业主,渗漏,1,深圳第五园四期2号楼1单元1205
深圳第五园,13632711802,业主,渗漏,1,深圳第五园二期M8栋4单元502
深圳第五园,13632740752,业主,"渗漏,浴改淋",1,深圳第五园四期1号楼1单元1101
深圳第五园,13632753301,业主,渗漏,1,深圳第五园五期11栋1单元502
深圳第五园,13632789176,业主,渗漏,1,深圳第五园八期4栋2单元1804
深圳第五园,13632831758,业主,"渗漏,浴改淋",1,深圳第五园二期G3栋1单元301
深圳第五园,13632861926,业主,渗漏,1,深圳第五园一期G1栋3单元301
深圳第五园,13632866878,业主,浴改淋,1,深圳第五园六期6栋1单元305
深圳第五园,13632890910,业主,渗漏,1,深圳第五园四期4号楼1单元706
深圳第五园,13652377018,业主,渗漏,1,深圳第五园二期M6栋1单元602
深圳第五园,13662639008,业主,渗漏,1,深圳第五园四期7号楼1单元901
深圳第五园,13670091779,业主,渗漏,1,深圳第五园四期6号楼1单元802
深圳第五园,13682493076,业主,浴改淋,1,深圳第五园一期M2栋6单元502
深圳第五园,13682571141,业主,渗漏,1,深圳第五园五期10栋1单元905
深圳第五园,13682593290,业主,渗漏,1,深圳第五园四期2号楼1单元1002
深圳第五园,13682605906,业主,"渗漏,浴改淋",1,深圳第五园二期M9栋3单元402
深圳第五园,13684927115,业主,渗漏,1,深圳第五园五期4栋1单元503
深圳第五园,13686810480,业主,渗漏,1,深圳第五园四期2号楼1单元1607
深圳第五园,13686811826,业主,渗漏,1,深圳第五园二期M8栋2单元302
深圳第五园,13686869819,业主,渗漏,1,深圳第五园三期H1栋2单元602
深圳第五园,13686888058,业主,渗漏,1,深圳第五园二期T19栋1单元101
深圳第五园,13686892919,业主,渗漏,1,深圳第五园二期G9栋3单元101
深圳第五园,13688808248,业主,渗漏,1,深圳第五园五期8栋1单元1203
深圳第五园,13688817848,业主,渗漏,1,深圳第五园四期4号楼1单元1801
深圳第五园,13689500785,业主,浴改淋,1,深圳第五园八期5栋1单元1603
深圳第五园,13689521904,业主,"渗漏,浴改淋",1,深圳第五园四期7号楼1单元801
深圳第五园,13689553194,业主,"渗漏,浴改淋",1,深圳第五园六期1栋1单元701
深圳第五园,13689557893,业主,渗漏,1,深圳第五园三期G7栋1单元201
深圳第五园,13689597373,业主,渗漏,1,深圳第五园五期8栋1单元701
深圳第五园,13689598811,业主,浴改淋,1,深圳第五园二期M7栋4单元101
深圳第五园,13691824210,业主,渗漏,1,深圳第五园四期4号楼1单元505
深圳第五园,13691828292,业主,"渗漏,浴改淋",1,深圳第五园六期3栋1单元503
深圳第五园,13691898606,业主,渗漏,1,深圳第五园三期H2栋1单元1501
深圳第五园,13691991989,业主,渗漏,1,深圳第五园四期3号楼1单元804
深圳第五园,13699766853,业主,浴改淋,1,深圳第五园一期M1栋1单元301
深圳第五园,13699883347,业主,渗漏,1,深圳第五园六期2栋1单元1903
深圳第五园,13706591681,业主,渗漏,1,深圳第五园六期2栋1单元1902
深圳第五园,13713862710,业主,渗漏,1,深圳第五园五期5栋1单元1701
深圳第五园,13713949888,业主,渗漏,1,深圳第五园二期M8栋3单元102
深圳第五园,13713954163,业主,渗漏,1,深圳第五园二期M8栋1单元102
深圳第五园,13713963564,业主,渗漏,1,深圳第五园四期7号楼1单元2402
深圳第五园,13713965032,业主,渗漏,1,深圳第五园三期H3栋3单元405
深圳第五园,13714044761,业主,渗漏,1,深圳第五园三期H3栋1单元1001
深圳第五园,13714162400,业主,渗漏,1,深圳第五园五期12栋1单元903
深圳第五园,13714568241,业主,渗漏,1,深圳第五园四期6号楼1单元1801
深圳第五园,13714717899,业主,浴改淋,1,深圳第五园六期1栋1单元105
深圳第五园,13723456756,业主,渗漏,1,深圳第五园五期6栋1单元1703
深圳第五园,13723738983,业主,渗漏,1,深圳第五园三期H2栋2单元406
深圳第五园,13723780205,业主,浴改淋,1,深圳第五园八期4栋2单元2004
深圳第五园,13724206872,业主,渗漏,1,深圳第五园五期4栋1单元1501
深圳第五园,13724322160,业主,"渗漏,浴改淋",1,深圳第五园八期9栋1单元303
深圳第五园,13725520886,业主,渗漏,1,深圳第五园一期M3栋5单元601
深圳第五园,13725575702,业主,渗漏,1,深圳第五园四期4号楼1单元807
深圳第五园,13728757575,业主,渗漏,1,深圳第五园八期4栋1单元1802
深圳第五园,13728759693,业主,渗漏,1,深圳第五园四期3号楼1单元604
深圳第五园,13728781387,业主,渗漏,1,深圳第五园四期1号楼1单元1104
深圳第五园,13728796615,业主,浴改淋,1,深圳第五园四期3号楼1单元1108
深圳第五园,13751060050,业主,浴改淋,1,深圳第五园六期1栋1单元1601
深圳第五园,13751121514,业主,渗漏,1,深圳第五园五期7栋1单元503
深圳第五园,13751197569,业主,渗漏,1,深圳第五园二期M4栋2单元402
深圳第五园,13760167759,业主,渗漏,1,深圳第五园四期4号楼1单元1707
深圳第五园,13760188008,业主,渗漏,1,深圳第五园二期G9栋3单元201
深圳第五园,13760232812,业主,浴改淋,1,深圳第五园三期H2栋1单元502
深圳第五园,13760237133,业主,渗漏,1,深圳第五园二期M8栋2单元501
深圳第五园,13760270441,业主,浴改淋,1,深圳第五园二期M6栋3单元302
深圳第五园,13760317539,业主,浴改淋,1,深圳第五园四期6号楼1单元902
深圳第五园,13760388816,业主,"渗漏,浴改淋",1,深圳第五园四期1号楼1单元908
深圳第五园,13760390880,业主,渗漏,1,深圳第五园四期2号楼1单元1105
深圳第五园,13760462730,业主,"渗漏,浴改淋",1,深圳第五园四期4号楼1单元507
深圳第五园,13760467986,业主,"渗漏,浴改淋",1,深圳第五园二期M8栋1单元501
深圳第五园,13760482739,业主,浴改淋,1,深圳第五园二期M8栋1单元201
深圳第五园,13760495966,业主,渗漏,1,深圳第五园四期2号楼1单元302
深圳第五园,13765806182,业主,"渗漏,浴改淋",1,深圳第五园四期5号楼1单元2003
深圳第五园,13788502220,业主,渗漏,1,深圳第五园五期11栋1单元102
深圳第五园,13798302863,业主,渗漏,1,深圳第五园六期3栋1单元1705
深圳第五园,13798366451,业主,浴改淋,1,深圳第五园二期M9栋1单元601
深圳第五园,13798408802,业主,渗漏,1,深圳第五园二期M9栋6单元102
深圳第五园,13798446197,业主,渗漏,1,深圳第五园八期1栋2单元103
深圳第五园,13798546118,业主,渗漏,1,深圳第五园四期1号楼1单元501
深圳第五园,13798598916,业主,渗漏,1,深圳第五园三期H2栋2单元1602
深圳第五园,13802203148,业主,浴改淋,1,深圳第五园二期G6栋2单元302
深圳第五园,13802240877,业主,渗漏,1,深圳第五园二期T28栋2单元106
深圳第五园,13802259737,业主,渗漏,1,深圳第五园二期T17栋1单元102
深圳第五园,13802278129,业主,浴改淋,1,深圳第五园八期6栋1单元301
深圳第五园,13802294578,业主,渗漏,1,深圳第五园二期T23栋1单元104
深圳第五园,13802577866,业主,浴改淋,1,深圳第五园三期G4栋1单元201
深圳第五园,13802584296,业主,渗漏,1,深圳第五园六期6栋1单元1301
深圳第五园,13802701586,业主,浴改淋,1,深圳第五园八期3栋2单元301
深圳第五园,13806671415,业主,渗漏,1,深圳第五园八期3栋4单元103
深圳第五园,13808838808,业主,渗漏,1,深圳第五园一期T6栋1单元101
深圳第五园,13808855817,业主,渗漏,1,深圳第五园五期5栋1单元1605
深圳第五园,13808856519,业主,渗漏,1,深圳第五园六期6栋1单元301
深圳第五园,13808858399,业主,渗漏,1,深圳第五园三期A2栋1单元109
深圳第五园,13809867827,业主,渗漏,1,深圳第五园四期7号楼1单元1403
深圳第五园,13809880800,业主,渗漏,1,深圳第五园一期G3栋1单元302
深圳第五园,13822828433,业主,渗漏,1,深圳第五园五期8栋1单元901
深圳第五园,13823101886,业主,渗漏,1,深圳第五园四期5号楼1单元2401
深圳第五园,13823133206,业主,渗漏,1,深圳第五园四期6号楼1单元801
深圳第五园,13823150819,业主,渗漏,1,深圳第五园六期3栋1单元505
深圳第五园,13823153908,业主,渗漏,1,深圳第五园五期8栋1单元601
深圳第五园,13823154343,业主,渗漏,1,深圳第五园四期7号楼1单元2202
深圳第五园,13823204066,业主,"渗漏,浴改淋",1,深圳第五园八期8栋1单元1801
深圳第五园,13823243311,业主,渗漏,1,深圳第五园五期3栋1单元1301
深圳第五园,13823260770,业主,渗漏,1,深圳第五园四期1号楼1单元506
深圳第五园,13823302311,业主,渗漏,1,深圳第五园八期9栋1单元1002
深圳第五园,13823312665,业主,渗漏,1,深圳第五园一期T6栋1单元103
深圳第五园,13823317708,业主,"渗漏,浴改淋",1,深圳第五园四期6号楼1单元1104
深圳第五园,13823322200,业主,"渗漏,浴改淋",1,深圳第五园八期3栋3单元302
深圳第五园,13823338077,业主,渗漏,1,深圳第五园二期M9栋6单元101
深圳第五园,13823372160,业主,渗漏,1,深圳第五园六期4栋1单元305
深圳第五园,13823375802,业主,渗漏,1,深圳第五园五期11栋1单元503
深圳第五园,13823581018,业主,浴改淋,1,深圳第五园一期M3栋4单元501
深圳第五园,13823643545,业主,渗漏,1,深圳第五园四期4号楼1单元701
深圳第五园,13823690286,业主,渗漏,1,深圳第五园四期6号楼1单元2102
深圳第五园,13823703510,业主,渗漏,1,深圳第五园一期T7栋3单元103
深圳第五园,13823744254,业主,渗漏,1,深圳第五园五期9栋1单元1403
深圳第五园,13823762750,业主,渗漏,1,深圳第五园二期M7栋5单元401
深圳第五园,13823775745,业主,渗漏,1,深圳第五园三期独立商铺独立01商铺1单元105
深圳第五园,13825226687,业主,渗漏,1,深圳第五园四期2号楼1单元703
深圳第五园,13825286867,业主,渗漏,1,深圳第五园四期1号楼1单元1404
深圳第五园,13826554460,业主,渗漏,1,深圳第五园四期2号楼1单元1405
深圳第五园,13828704114,业主,渗漏,1,深圳第五园四期1号楼1单元801
深圳第五园,13828704466,业主,渗漏,1,深圳第五园一期T7栋3单元105
深圳第五园,13828729456,业主,渗漏,1,深圳第五园八期8栋1单元1204
深圳第五园,13828730720,业主,渗漏,1,深圳第五园二期M6栋2单元402
深圳第五园,13828739097,业主,渗漏,1,深圳第五园六期6栋1单元1311
深圳第五园,13828740765,业主,浴改淋,1,深圳第五园八期3栋4单元104
深圳第五园,13828786318,业主,渗漏,1,深圳第五园二期T13栋1单元103
深圳第五园,13828787665,业主,"渗漏,浴改淋",1,深圳第五园五期12栋1单元1211
深圳第五园,13828793148,业主,渗漏,1,深圳第五园五期3栋1单元405
深圳第五园,13828798222,业主,渗漏,1,深圳第五园八期9栋1单元1402
深圳第五园,13828809501,业主,渗漏,1,深圳第五园五期11栋1单元1001
深圳第五园,13828828905,业主,渗漏,1,深圳第五园一期G4栋1单元101
深圳第五园,13828847355,业主,渗漏,1,深圳第五园五期2栋1单元905
深圳第五园,13828865751,业主,渗漏,1,深圳第五园二期M6栋1单元101
深圳第五园,13902310138,业主,渗漏,1,深圳第五园八期5栋1单元602
深圳第五园,13902440541,业主,浴改淋,1,深圳第五园八期5栋2单元1202
深圳第五园,13902448986,业主,浴改淋,1,深圳第五园一期G2栋4单元101
深圳第五园,13902477756,业主,浴改淋,1,深圳第五园二期T14栋1单元103
深圳第五园,13902487540,业主,渗漏,1,深圳第五园六期1栋1单元1505
深圳第五园,13902901105,业主,"渗漏,浴改淋",1,深圳第五园五期11栋1单元803
深圳第五园,13902920365,业主,"渗漏,浴改淋",1,深圳第五园八期4栋2单元605
深圳第五园,13902942193,业主,渗漏,1,深圳第五园二期T19栋2单元103
深圳第五园,13902945971,业主,渗漏,1,深圳第五园二期G10栋3单元201
深圳第五园,13902962919,业主,"渗漏,浴改淋",1,深圳第五园二期T15栋1单元105
深圳第五园,13902973437,业主,浴改淋,1,深圳第五园三期G9栋2单元102
深圳第五园,13902982759,业主,渗漏,1,深圳第五园二期T21栋1单元104
深圳第五园,13903020998,业主,渗漏,1,深圳第五园三期G8栋1单元201
深圳第五园,13922806111,业主,渗漏,1,深圳第五园五期7栋1单元401
深圳第五园,13922837917,业主,渗漏,1,深圳第五园四期5号楼1单元701
深圳第五园,13922840288,业主,渗漏,1,深圳第五园八期4栋2单元802
深圳第五园,13922870057,业主,渗漏,1,深圳第五园六期6栋1单元517
深圳第五园,13922883479,业主,渗漏,1,深圳第五园四期1号楼1单元1402
深圳第五园,13922892058,家属,渗漏,1,深圳第五园四期5号楼1单元401
深圳第五园,13923423808,业主,渗漏,1,深圳第五园五期11栋1单元1003
深圳第五园,13923450820,业主,"渗漏,浴改淋",1,深圳第五园八期1栋3单元103
深圳第五园,13923480129,业主,浴改淋,1,深圳第五园二期M7栋1单元601
深圳第五园,13923709881,业主,浴改淋,1,深圳第五园八期1栋2单元102
深圳第五园,13923712271,业主,渗漏,1,深圳第五园四期7号楼1单元903
深圳第五园,13923721398,业主,浴改淋,1,深圳第五园五期12栋1单元117
深圳第五园,13923740231,业主,"渗漏,浴改淋",1,深圳第五园三期G5栋2单元202
深圳第五园,13923742342,业主,渗漏,1,深圳第五园三期H2栋1单元1001
深圳第五园,13923756513,业主,浴改淋,1,深圳第五园二期M4栋2单元202
深圳第五园,13923808181,业主,"渗漏,浴改淋",1,深圳第五园二期G6栋1单元102
深圳第五园,13924600207,业主,渗漏,1,深圳第五园二期T16栋1单元102
深圳第五园,13924604313,业主,渗漏,1,深圳第五园四期4号楼1单元301
深圳第五园,13924633306,业主,渗漏,1,深圳第五园五期5栋1单元705
深圳第五园,13925139215,业主,渗漏,1,深圳第五园五期11栋1单元1703
深圳第五园,13925219701,业主,渗漏,1,深圳第五园八期6栋2单元1203
深圳第五园,13925219737,业主,渗漏,1,深圳第五园四期5号楼1单元203
深圳第五园,13925227457,业主,浴改淋,1,深圳第五园四期2号楼1单元802
深圳第五园,13925241497,业主,渗漏,1,深圳第五园二期M4栋2单元601
深圳第五园,13925270654,业主,渗漏,1,深圳第五园五期11栋1单元601
深圳第五园,13926505866,业主,浴改淋,1,深圳第五园六期4栋1单元801
深圳第五园,13926513371,业主,渗漏,1,深圳第五园一期M2栋3单元201
深圳第五园,13926517035,业主,"渗漏,浴改淋",1,深圳第五园八期8栋1单元1604
深圳第五园,13926517362,业主,浴改淋,1,深圳第五园四期4号楼1单元1307
深圳第五园,13926574725,业主,渗漏,1,深圳第五园四期2号楼1单元1307
深圳第五园,13926575361,业主,渗漏,1,深圳第五园五期9栋1单元1603
深圳第五园,13931176375,业主,渗漏,1,深圳第五园八期7栋1单元1503
深圳第五园,13973171837,业主,渗漏,1,深圳第五园四期4号楼1单元1208
深圳第五园,15012880027,业主,"渗漏,浴改淋",1,深圳第五园四期5号楼1单元403
深圳第五园,15013808983,业主,渗漏,1,深圳第五园四期2号楼1单元203
深圳第五园,15013865072,业主,渗漏,1,深圳第五园二期M9栋1单元602
深圳第五园,15013870860,业主,浴改淋,1,深圳第五园二期M7栋4单元202
深圳第五园,15014082162,业主,"渗漏,浴改淋",1,深圳第五园二期M9栋4单元301
深圳第五园,15017905766,业主,渗漏,1,深圳第五园八期6栋1单元1304
深圳第五园,15018519768,业主,浴改淋,1,深圳第五园三期H3栋2单元1201
深圳第五园,15019234795,业主,渗漏,1,深圳第五园六期2栋1单元1803
深圳第五园,15019273060,业主,渗漏,1,深圳第五园五期7栋1单元1003
深圳第五园,15019418291,业主,渗漏,1,深圳第五园二期M5栋2单元402
深圳第五园,15019455176,业主,渗漏,1,深圳第五园四期2号楼1单元906
深圳第五园,15099904166,业主,浴改淋,1,深圳第五园八期4栋2单元606
深圳第五园,15118171997,业主,渗漏,1,深圳第五园四期4号楼1单元1408
深圳第五园,15118837900,业主,渗漏,1,深圳第五园四期1号楼1单元1108
深圳第五园,15130930898,业主,浴改淋,1,深圳第五园四期3号楼1单元602
深圳第五园,15179042915,业主,渗漏,1,深圳第五园五期8栋1单元1303
深圳第五园,15210040155,业主,渗漏,1,深圳第五园二期M8栋4单元201
深圳第五园,15217732009,业主,浴改淋,1,深圳第五园八期6栋1单元1202
深圳第五园,15219482943,业主,渗漏,1,深圳第五园五期12栋1单元205
深圳第五园,15220075958,业主,渗漏,1,深圳第五园一期M2栋1单元501
深圳第五园,15302727090,业主,"渗漏,浴改淋",1,深圳第五园二期M9栋5单元601
深圳第五园,15322222584,业主,"渗漏,浴改淋",1,深圳第五园二期M6栋2单元202
深圳第五园,15602457784,业主,"渗漏,浴改淋",1,深圳第五园四期6号楼1单元403
深圳第五园,15602951025,业主,渗漏,1,深圳第五园二期M7栋5单元502
深圳第五园,15622803864,业主,浴改淋,1,深圳第五园四期5号楼1单元301
深圳第五园,15625298413,业主,渗漏,1,深圳第五园三期H1栋3单元1101
深圳第五园,15671219513,业主,渗漏,1,深圳第五园二期M8栋4单元501
深圳第五园,15683421378,业主,渗漏,1,深圳第五园四期2号楼1单元301
深圳第五园,15692008769,业主,浴改淋,1,深圳第五园八期4栋1单元1302
深圳第五园,15801637088,业主,渗漏,1,深圳第五园四期3号楼1单元1204
深圳第五园,15807555251,业主,"渗漏,浴改淋",1,深圳第五园四期3号楼1单元1303
深圳第五园,15811842301,业主,"渗漏,浴改淋",1,深圳第五园一期M1栋2单元501
深圳第五园,15813707403,业主,渗漏,1,深圳第五园八期6栋2单元1004
深圳第五园,15813725096,业主,浴改淋,1,深圳第五园八期5栋5单元118
深圳第五园,15813870782,业主,浴改淋,1,深圳第五园一期M2栋2单元202
深圳第五园,15814479707,业主,渗漏,1,深圳第五园五期12栋1单元1015
深圳第五园,15815509006,业主,"渗漏,浴改淋",1,深圳第五园五期8栋1单元505
深圳第五园,15815589119,业主,"渗漏,浴改淋",1,深圳第五园五期1栋1单元501
深圳第五园,15816894483,业主,"渗漏,浴改淋",1,深圳第五园五期5栋1单元1301
深圳第五园,15817359321,业主,渗漏,1,深圳第五园三期H3栋1单元301
深圳第五园,15817396589,业主,渗漏,1,深圳第五园二期T23栋1单元102
深圳第五园,15817471716,业主,渗漏,1,深圳第五园四期2号楼1单元1208
深圳第五园,15817479127,业主,渗漏,1,深圳第五园四期6号楼1单元604
深圳第五园,15818517552,业主,渗漏,1,深圳第五园四期3号楼1单元507
深圳第五园,15818588688,业主,渗漏,1,深圳第五园三期A3栋1单元102
深圳第五园,15818604460,业主,浴改淋,1,深圳第五园二期M6栋5单元302
深圳第五园,15818653834,业主,浴改淋,1,深圳第五园四期5号楼1单元1504
深圳第五园,15818692629,业主,渗漏,1,深圳第五园一期M1栋4单元301
深圳第五园,15818751388,业主,浴改淋,1,深圳第五园二期G9栋1单元201
深圳第五园,15818757641,业主,渗漏,1,深圳第五园四期4号楼1单元1001
深圳第五园,15889502203,业主,渗漏,1,深圳第五园五期5栋1单元403
深圳第五园,15889616863,业主,渗漏,1,深圳第五园五期3栋1单元701
深圳第五园,15889646432,业主,渗漏,1,深圳第五园二期M9栋5单元102
深圳第五园,15889704125,业主,渗漏,1,深圳第五园四期5号楼1单元402
深圳第五园,15889743691,业主,"渗漏,浴改淋",1,深圳第五园五期9栋1单元705
深圳第五园,15899767204,业主,渗漏,1,深圳第五园三期H3栋1单元1206
深圳第五园,15900790375,业主,渗漏,1,深圳第五园五期7栋1单元1903
深圳第五园,15914091126,业主,浴改淋,1,深圳第五园四期1号楼1单元1105
深圳第五园,15914110433,业主,渗漏,1,深圳第五园四期7号楼1单元1902
深圳第五园,15915386481,业主,"渗漏,浴改淋",1,深圳第五园三期H1栋3单元1206
深圳第五园,15919837901,业主,渗漏,1,深圳第五园四期3号楼1单元1608
深圳第五园,15986662678,业主,渗漏,1,深圳第五园四期2号楼1单元1402
深圳第五园,15986832865,业主,渗漏,1,深圳第五园八期4栋1单元906
深圳第五园,15989869208,业主,渗漏,1,深圳第五园二期T19栋2单元101
深圳第五园,15989892959,业主,"渗漏,浴改淋",1,深圳第五园二期T24栋1单元104
深圳第五园,15999599337,业主,渗漏,1,深圳第五园五期4栋1单元203
深圳第五园,15999625633,业主,渗漏,1,深圳第五园八期8栋1单元1202
深圳第五园,15999675584,业主,渗漏,1,深圳第五园四期4号楼1单元1605
深圳第五园,17789863588,业主,渗漏,1,深圳第五园四期1号楼1单元1401
深圳第五园,18025308080,业主,浴改淋,1,深圳第五园五期12栋1单元705
深圳第五园,18028776266,业主,渗漏,1,深圳第五园四期2号楼1单元1705
深圳第五园,18038080520,业主,渗漏,1,深圳第五园一期M1栋6单元101
深圳第五园,18038153919,业主,渗漏,1,深圳第五园二期M7栋4单元201
深圳第五园,18058116677,业主,渗漏,1,深圳第五园八期5栋1单元201
深圳第五园,18092305120,业主,浴改淋,1,深圳第五园八期8栋1单元502
深圳第五园,18098905598,业主,渗漏,1,深圳第五园四期3号楼1单元1003
深圳第五园,18098949307,业主,浴改淋,1,深圳第五园六期5栋1单元511
深圳第五园,18118777107,业主,"渗漏,浴改淋",1,深圳第五园五期12栋1单元319
深圳第五园,18123733513,业主,浴改淋,1,深圳第五园二期M9栋6单元302
深圳第五园,18124196898,业主,渗漏,1,深圳第五园四期3号楼1单元407
深圳第五园,18129909207,业主,渗漏,1,深圳第五园五期8栋1单元1805
深圳第五园,18129953403,业主,渗漏,1,深圳第五园四期4号楼1单元407
深圳第五园,18138287225,业主,"渗漏,浴改淋",1,深圳第五园四期1号楼1单元1603
深圳第五园,18202729864,业主,浴改淋,1,深圳第五园四期4号楼1单元1004
深圳第五园,18318878989,业主,渗漏,1,深圳第五园八期7栋1单元1603
深圳第五园,18320923080,业主,渗漏,1,深圳第五园五期11栋1单元1103
深圳第五园,18344025602,业主,浴改淋,1,深圳第五园二期M8栋2单元301
深圳第五园,18392887398,业主,"渗漏,浴改淋",1,深圳第五园五期12栋1单元712
深圳第五园,18453287976,业主,浴改淋,1,深圳第五园五期12栋1单元816
深圳第五园,18476635230,业主,渗漏,1,深圳第五园六期3栋1单元701
深圳第五园,18519861540,业主,浴改淋,1,深圳第五园八期8栋1单元1301
深圳第五园,18565625701,业主,渗漏,1,深圳第五园二期M8栋4单元202
深圳第五园,18565693625,业主,"渗漏,浴改淋",1,深圳第五园八期4栋1单元1304
深圳第五园,18565789288,业主,渗漏,1,深圳第五园四期4号楼1单元1201
深圳第五园,18566223361,业主,渗漏,1,深圳第五园八期4栋1单元1704
深圳第五园,18576707798,业主,浴改淋,1,深圳第五园四期3号楼1单元1602
深圳第五园,18601187793,业主,"渗漏,浴改淋",1,深圳第五园四期2号楼1单元1004
深圳第五园,18603040247,业主,"渗漏,浴改淋",1,深圳第五园三期H3栋2单元706
深圳第五园,18603054527,业主,浴改淋,1,深圳第五园二期T20栋2单元101
深圳第五园,18603062183,业主,浴改淋,1,深圳第五园四期6号楼1单元102
深圳第五园,18617192269,业主,渗漏,1,深圳第五园六期6栋1单元1315
深圳第五园,18664310127,业主,渗漏,1,深圳第五园一期M2栋5单元502
深圳第五园,18664909672,业主,浴改淋,1,深圳第五园二期T16栋2单元104
深圳第五园,18664950876,业主,"渗漏,浴改淋",1,深圳第五园二期M5栋2单元202
深圳第五园,18665326490,业主,浴改淋,1,深圳第五园八期6栋1单元1302
深圳第五园,18665333096,业主,浴改淋,1,深圳第五园二期G3栋1单元102
深圳第五园,18665878772,业主,渗漏,1,深圳第五园一期M3栋2单元301
深圳第五园,18665888811,业主,渗漏,1,深圳第五园二期M5栋2单元102
深圳第五园,18665892436,业主,浴改淋,1,深圳第五园八期5栋1单元1203
深圳第五园,18665901122,业主,"渗漏,浴改淋",1,深圳第五园八期5栋2单元1702
深圳第五园,18666203951,业主,渗漏,1,深圳第五园五期12栋1单元618
深圳第五园,18666208825,业主,渗漏,1,深圳第五园四期4号楼1单元703
深圳第五园,18675519706,业主,渗漏,1,深圳第五园二期M9栋1单元502
深圳第五园,18675533211,业主,渗漏,1,深圳第五园四期1号楼1单元1602
深圳第五园,18675556214,业主,渗漏,1,深圳第五园六期4栋1单元503
深圳第五园,18675568866,业主,浴改淋,1,深圳第五园六期3栋1单元1601
深圳第五园,18676664869,业主,渗漏,1,深圳第五园四期4号楼1单元502
深圳第五园,18676674056,业主,渗漏,1,深圳第五园三期G11栋3单元101
深圳第五园,18676676688,业主,渗漏,1,深圳第五园八期1栋4单元101
深圳第五园,18676683188,业主,浴改淋,1,深圳第五园二期T14栋1单元102
深圳第五园,18676700869,业主,渗漏,1,深圳第五园三期H3栋3单元204
深圳第五园,18676709217,业主,"渗漏,浴改淋",1,深圳第五园二期M9栋6单元402
深圳第五园,18676799612,业主,渗漏,1,深圳第五园四期6号楼1单元1202
深圳第五园,18677699899,业主,渗漏,1,深圳第五园五期9栋1单元1001
深圳第五园,18680319347,业主,渗漏,1,深圳第五园八期9栋1单元802
深圳第五园,18680328608,业主,"渗漏,浴改淋",1,深圳第五园八期7栋1单元1501
深圳第五园,18680362147,业主,浴改淋,1,深圳第五园四期3号楼1单元404
深圳第五园,18680390700,业主,浴改淋,1,深圳第五园二期T18栋1单元101
深圳第五园,18680396767,业主,浴改淋,1,深圳第五园五期7栋1单元403
深圳第五园,18681526311,业主,"渗漏,浴改淋",1,深圳第五园四期4号楼1单元1302
深圳第五园,18681590721,业主,浴改淋,1,深圳第五园四期2号楼1单元1102
深圳第五园,18682060660,业主,渗漏,1,深圳第五园四期1号楼1单元803
深圳第五园,18682185225,业主,浴改淋,1,深圳第五园八期9栋1单元403
深圳第五园,18682230519,业主,渗漏,1,深圳第五园一期M1栋3单元502
深圳第五园,18682269686,业主,浴改淋,1,深圳第五园五期9栋1单元1801
深圳第五园,18682294496,业主,渗漏,1,深圳第五园六期6栋1单元1117
深圳第五园,18682306706,业主,"渗漏,浴改淋",1,深圳第五园四期1号楼1单元1406
深圳第五园,18682392906,业主,渗漏,1,深圳第五园三期H2栋3单元406
深圳第五园,18688705033,业主,渗漏,1,深圳第五园二期M9栋4单元202
深圳第五园,18688719688,业主,渗漏,1,深圳第五园二期M7栋3单元602
深圳第五园,18688776464,业主,渗漏,1,深圳第五园一期G1栋2单元302
深圳第五园,18688827890,业主,渗漏,1,深圳第五园四期7号楼1单元404
深圳第五园,18688830457,业主,渗漏,1,深圳第五园四期1号楼1单元1808
深圳第五园,18688832055,业主,渗漏,1,深圳第五园四期5号楼1单元1401
深圳第五园,18688893950,业主,渗漏,1,深圳第五园八期3栋1单元101
深圳第五园,18688921251,业主,渗漏,1,深圳第五园二期M6栋3单元201
深圳第五园,18688942026,业主,渗漏,1,深圳第五园五期12栋1单元216
深圳第五园,18688965121,业主,渗漏,1,深圳第五园六期2栋1单元1201
深圳第五园,18688978965,业主,"渗漏,浴改淋",1,深圳第五园八期6栋2单元301
深圳第五园,18702173829,业主,渗漏,1,深圳第五园四期6号楼1单元2402
深圳第五园,18814483546,业主,渗漏,1,深圳第五园二期T15栋1单元101
深圳第五园,18820913272,业主,渗漏,1,深圳第五园五期9栋1单元401
深圳第五园,18823790537,业主,渗漏,1,深圳第五园五期9栋1单元1503
深圳第五园,18902857474,业主,渗漏,1,深圳第五园二期M6栋5单元401
深圳第五园,18922815939,业主,渗漏,1,深圳第五园五期8栋1单元1703
深圳第五园,18922830665,业主,渗漏,1,深圳第五园四期2号楼1单元406
深圳第五园,18922875225,业主,渗漏,1,深圳第五园五期10栋1单元603
深圳第五园,18922890628,业主,渗漏,1,深圳第五园四期7号楼1单元403
深圳第五园,18922899225,业主,渗漏,1,深圳第五园三期H1栋1单元1102
深圳第五园,18923468801,业主,渗漏,1,深圳第五园三期B1栋1单元106
深圳第五园,18925248992,业主,渗漏,1,深圳第五园二期M6栋4单元501
深圳第五园,18926038160,业主,渗漏,1,深圳第五园四期7号楼1单元2302
深圳第五园,18928128638,业主,渗漏,1,深圳第五园五期2栋1单元1403
深圳第五园,18929313305,业主,浴改淋,1,深圳第五园五期6栋1单元501
深圳第五园,18938061357,业主,渗漏,1,深圳第五园一期G1栋1单元302
深圳第五园,18938689216,业主,渗漏,1,深圳第五园一期M1栋1单元502
深圳第五园,18938837537,业主,浴改淋,1,深圳第五园三期G10栋2单元201
深圳第五园,18938898247,业主,渗漏,1,深圳第五园一期M2栋1单元201
深圳第五园,18938921101,业主,浴改淋,1,深圳第五园一期M3栋1单元401
深圳第五园,18938939719,业主,渗漏,1,深圳第五园六期5栋1单元507
深圳第五园,18939661035,业主,渗漏,1,深圳第五园二期M9栋5单元401
深圳第五园,18948799668,业主,"渗漏,浴改淋",1,深圳第五园二期M9栋3单元301
深圳第五园,18988780066,业主,渗漏,1,深圳第五园二期T15栋1单元108
深圳第五园,19830903208,业主,浴改淋,1,深圳第五园三期H1栋3单元405
深圳第五园,19902901949,业主,渗漏,1,深圳第五园八期4栋2单元1204
